"","item","itemLabel","value","country","countryLabel","flag_image"
"1","http://www.wikidata.org/entity/Q41","Greece","GRC","http://www.wikidata.org/entity/Q41","Greece","http://commons.wikimedia.org/wiki/Special:FilePath/Flag%20of%20Greece.svg"
"2","http://www.wikidata.org/entity/Q55","Netherlands","NLD","http://www.wikidata.org/entity/Q29999","Kingdom of the Netherlands","http://commons.wikimedia.org/wiki/Special:FilePath/Flag%20of%20the%20Netherlands.svg"
"3","http://www.wikidata.org/entity/Q77","Uruguay","URY","http://www.wikidata.org/entity/Q77","Uruguay","http://commons.wikimedia.org/wiki/Special:FilePath/Flag%20of%20Uruguay.svg"
"4","http://www.wikidata.org/entity/Q221","North Macedonia","MKD","http://www.wikidata.org/entity/Q221","North Macedonia","http://commons.wikimedia.org/wiki/Special:FilePath/Flag%20of%20North%20Macedonia.svg"
"5","http://www.wikidata.org/entity/Q223","Greenland","GRL","http://www.wikidata.org/entity/Q223","Greenland","http://commons.wikimedia.org/wiki/Special:FilePath/Flag%20of%20Greenland.svg"
"6","http://www.wikidata.org/entity/Q223","Greenland","GRL","http://www.wikidata.org/entity/Q756617","Danish Realm","http://commons.wikimedia.org/wiki/Special:FilePath/Flag%20of%20Greenland.svg"
"7","http://www.wikidata.org/entity/Q424","Cambodia","KHM","http://www.wikidata.org/entity/Q424","Cambodia","http://commons.wikimedia.org/wiki/Special:FilePath/Flag%20of%20Cambodia.svg"
"8","http://www.wikidata.org/entity/Q683","Samoa","WSM","http://www.wikidata.org/entity/Q683","Samoa","http://commons.wikimedia.org/wiki/Special:FilePath/Flag%20of%20Samoa.svg"
"9","http://www.wikidata.org/entity/Q697","Nauru","NRU","http://www.wikidata.org/entity/Q697","Nauru","http://commons.wikimedia.org/wiki/Special:FilePath/Flag%20of%20Nauru.svg"
"10","http://www.wikidata.org/entity/Q712","Fiji","FJI","http://www.wikidata.org/entity/Q712","Fiji","http://commons.wikimedia.org/wiki/Special:FilePath/Flag%20of%20Fiji.svg"
"11","http://www.wikidata.org/entity/Q730","Suriname","SUR","http://www.wikidata.org/entity/Q730","Suriname","http://commons.wikimedia.org/wiki/Special:FilePath/Flag%20of%20Suriname.svg"
"12","http://www.wikidata.org/entity/Q733","Paraguay","PRY","http://www.wikidata.org/entity/Q733","Paraguay","http://commons.wikimedia.org/wiki/Special:FilePath/Flag%20of%20Paraguay%20%28reverse%29.svg"
"13","http://www.wikidata.org/entity/Q754","Trinidad and Tobago","TTO","http://www.wikidata.org/entity/Q754","Trinidad and Tobago","http://commons.wikimedia.org/wiki/Special:FilePath/Flag%20of%20Trinidad%20and%20Tobago.svg"
"14","http://www.wikidata.org/entity/Q757","Saint Vincent and the Grenadines","VCT","http://www.wikidata.org/entity/Q757","Saint Vincent and the Grenadines","http://commons.wikimedia.org/wiki/Special:FilePath/Flag%20of%20Saint%20Vincent%20and%20the%20Grenadines.svg"
"15","http://www.wikidata.org/entity/Q763","Saint Kitts and Nevis","KNA","http://www.wikidata.org/entity/Q763","Saint Kitts and Nevis","http://commons.wikimedia.org/wiki/Special:FilePath/Flag%20of%20Saint%20Kitts%20and%20Nevis.svg"
"16","http://www.wikidata.org/entity/Q766","Jamaica","JAM","http://www.wikidata.org/entity/Q766","Jamaica","http://commons.wikimedia.org/wiki/Special:FilePath/Flag%20of%20Jamaica.svg"
"17","http://www.wikidata.org/entity/Q774","Guatemala","GTM","http://www.wikidata.org/entity/Q774","Guatemala","http://commons.wikimedia.org/wiki/Special:FilePath/Flag%20of%20Guatemala.svg"
"18","http://www.wikidata.org/entity/Q778","The Bahamas","BHS","http://www.wikidata.org/entity/Q778","The Bahamas","http://commons.wikimedia.org/wiki/Special:FilePath/Flag%20of%20the%20Bahamas.svg"
"19","http://www.wikidata.org/entity/Q796","Iraq","IRQ","http://www.wikidata.org/entity/Q796","Iraq","http://commons.wikimedia.org/wiki/Special:FilePath/Flag%20of%20Iraq.svg"
"20","http://www.wikidata.org/entity/Q800","Costa Rica","CRI","http://www.wikidata.org/entity/Q800","Costa Rica","http://commons.wikimedia.org/wiki/Special:FilePath/Flag%20of%20Costa%20Rica%20%28state%29.svg"
"21","http://www.wikidata.org/entity/Q800","Costa Rica","CRI","http://www.wikidata.org/entity/Q800","Costa Rica","http://commons.wikimedia.org/wiki/Special:FilePath/Flag%20of%20Costa%20Rica.svg"
"22","http://www.wikidata.org/entity/Q813","Kyrgyzstan","KGZ","http://www.wikidata.org/entity/Q813","Kyrgyzstan","http://commons.wikimedia.org/wiki/Special:FilePath/Flag%20of%20Kyrgyzstan.svg"
"23","http://www.wikidata.org/entity/Q822","Lebanon","LBN","http://www.wikidata.org/entity/Q822","Lebanon","http://commons.wikimedia.org/wiki/Special:FilePath/Flag%20of%20Lebanon.svg"
"24","http://www.wikidata.org/entity/Q843","Pakistan","PAK","http://www.wikidata.org/entity/Q843","Pakistan","http://commons.wikimedia.org/wiki/Special:FilePath/Flag%20of%20Pakistan.svg"
"25","http://www.wikidata.org/entity/Q865","Taiwan","TWN","http://www.wikidata.org/entity/Q865","Taiwan","http://commons.wikimedia.org/wiki/Special:FilePath/Flag%20of%20the%20Republic%20of%20China.svg"
"26","http://www.wikidata.org/entity/Q881","Vietnam","VNM","http://www.wikidata.org/entity/Q881","Vietnam","http://commons.wikimedia.org/wiki/Special:FilePath/Flag%20of%20Vietnam.svg"
"27","http://www.wikidata.org/entity/Q924","Tanzania","TZA","http://www.wikidata.org/entity/Q924","Tanzania","http://commons.wikimedia.org/wiki/Special:FilePath/Flag%20of%20Tanzania.svg"
"28","http://www.wikidata.org/entity/Q928","Philippines","PHL","http://www.wikidata.org/entity/Q928","Philippines","http://commons.wikimedia.org/wiki/Special:FilePath/Flag%20of%20the%20Philippines.svg"
"29","http://www.wikidata.org/entity/Q953","Zambia","ZMB","http://www.wikidata.org/entity/Q953","Zambia","http://commons.wikimedia.org/wiki/Special:FilePath/Flag%20of%20Zambia.svg"
"30","http://www.wikidata.org/entity/Q954","Zimbabwe","ZWE","http://www.wikidata.org/entity/Q954","Zimbabwe","http://commons.wikimedia.org/wiki/Special:FilePath/Flag%20of%20Zimbabwe.svg"
"31","http://www.wikidata.org/entity/Q958","South Sudan","SSD","http://www.wikidata.org/entity/Q958","South Sudan","http://commons.wikimedia.org/wiki/Special:FilePath/Flag%20of%20South%20Sudan.svg"
"32","http://www.wikidata.org/entity/Q963","Botswana","BWA","http://www.wikidata.org/entity/Q963","Botswana","http://commons.wikimedia.org/wiki/Special:FilePath/Flag%20of%20Botswana.svg"
"33","http://www.wikidata.org/entity/Q965","Burkina Faso","BFA","http://www.wikidata.org/entity/Q965","Burkina Faso","http://commons.wikimedia.org/wiki/Special:FilePath/Flag%20of%20Burkina%20Faso.svg"
"34","http://www.wikidata.org/entity/Q983","Equatorial Guinea","GNQ","http://www.wikidata.org/entity/Q983","Equatorial Guinea","http://commons.wikimedia.org/wiki/Special:FilePath/Flag%20of%20Equatorial%20Guinea.svg"
"35","http://www.wikidata.org/entity/Q1011","Cape Verde","CPV","http://www.wikidata.org/entity/Q1011","Cape Verde","http://commons.wikimedia.org/wiki/Special:FilePath/Flag%20of%20Cape%20Verde.svg"
"36","http://www.wikidata.org/entity/Q1029","Mozambique","MOZ","http://www.wikidata.org/entity/Q1029","Mozambique","http://commons.wikimedia.org/wiki/Special:FilePath/Flag%20of%20Mozambique.svg"
"37","http://www.wikidata.org/entity/Q1032","Niger","NER","http://www.wikidata.org/entity/Q1032","Niger","http://commons.wikimedia.org/wiki/Special:FilePath/Flag%20of%20Niger.svg"
"38","http://www.wikidata.org/entity/Q1039","São Tomé and Príncipe","STP","http://www.wikidata.org/entity/Q1039","São Tomé and Príncipe","http://commons.wikimedia.org/wiki/Special:FilePath/Flag%20of%20Sao%20Tome%20and%20Principe.svg"
"39","http://www.wikidata.org/entity/Q1042","Seychelles","SYC","http://www.wikidata.org/entity/Q1042","Seychelles","http://commons.wikimedia.org/wiki/Special:FilePath/Flag%20of%20Seychelles.svg"
"40","http://www.wikidata.org/entity/Q1050","Eswatini","SWZ","http://www.wikidata.org/entity/Q1050","Eswatini","http://commons.wikimedia.org/wiki/Special:FilePath/Flag%20of%20Eswatini.svg"
"41","http://www.wikidata.org/entity/Q2895","Byelorussian Soviet Socialist Republic","BYS","http://www.wikidata.org/entity/Q15180","Soviet Union","http://commons.wikimedia.org/wiki/Special:FilePath/Flag%20of%20the%20Byelorussian%20Soviet%20Socialist%20Republic%20%281919-1927%29.svg"
"42","http://www.wikidata.org/entity/Q2895","Byelorussian Soviet Socialist Republic","BYS","http://www.wikidata.org/entity/Q15180","Soviet Union","http://commons.wikimedia.org/wiki/Special:FilePath/Flag%20of%20the%20Byelorussian%20Soviet%20Socialist%20Republic%20%281937-1951%29.svg"
"43","http://www.wikidata.org/entity/Q2895","Byelorussian Soviet Socialist Republic","BYS","http://www.wikidata.org/entity/Q15180","Soviet Union","http://commons.wikimedia.org/wiki/Special:FilePath/Flag%20of%20the%20Byelorussian%20Soviet%20Socialist%20Republic%20%281951%E2%80%931991%29.svg"
"44","http://www.wikidata.org/entity/Q2895","Byelorussian Soviet Socialist Republic","BYS","http://www.wikidata.org/entity/Q15180","Soviet Union","http://commons.wikimedia.org/wiki/Special:FilePath/Flag%20of%20the%20Byelorussian%20Soviet%20Socialist%20Republic%20%281927-1937%29.svg"
"45","http://www.wikidata.org/entity/Q5689","Åland","ALA","http://www.wikidata.org/entity/Q33","Finland","http://commons.wikimedia.org/wiki/Special:FilePath/Flag%20of%20%C3%85land.svg"
"46","http://www.wikidata.org/entity/Q5785","Cayman Islands","CYM","http://www.wikidata.org/entity/Q145","United Kingdom","http://commons.wikimedia.org/wiki/Special:FilePath/Flag%20of%20the%20Cayman%20Islands.svg"
"47","http://www.wikidata.org/entity/Q15180","Soviet Union","SUN","http://www.wikidata.org/entity/Q15180","Soviet Union","http://commons.wikimedia.org/wiki/Special:FilePath/Flag%20of%20the%20Soviet%20Union.svg"
"48","http://www.wikidata.org/entity/Q16644","Northern Mariana Islands","MNP","http://www.wikidata.org/entity/Q30","United States of America","http://commons.wikimedia.org/wiki/Special:FilePath/Flag%20of%20the%20Northern%20Mariana%20Islands.svg"
"49","http://www.wikidata.org/entity/Q16645","United States Minor Outlying Islands","UMI","http://www.wikidata.org/entity/Q30","United States of America",NA
"50","http://www.wikidata.org/entity/Q17063","Mayotte","MYT","http://www.wikidata.org/entity/Q142","France","http://commons.wikimedia.org/wiki/Special:FilePath/Flag%20of%20Mayotte%20%28local%29.svg"
"51","http://www.wikidata.org/entity/Q17070","Réunion","REU","http://www.wikidata.org/entity/Q142","France","http://commons.wikimedia.org/wiki/Special:FilePath/Proposed%20flag%20of%20R%C3%A9union%20%28VAR%29.svg"
"52","http://www.wikidata.org/entity/Q18221","Turks and Caicos Islands","TCA","http://www.wikidata.org/entity/Q145","United Kingdom","http://commons.wikimedia.org/wiki/Special:FilePath/Flag%20of%20the%20Turks%20and%20Caicos%20Islands.svg"
"53","http://www.wikidata.org/entity/Q21203","Aruba","ABW","http://www.wikidata.org/entity/Q21203","Aruba","http://commons.wikimedia.org/wiki/Special:FilePath/Flag%20of%20Aruba.svg"
"54","http://www.wikidata.org/entity/Q21203","Aruba","ABW","http://www.wikidata.org/entity/Q29999","Kingdom of the Netherlands","http://commons.wikimedia.org/wiki/Special:FilePath/Flag%20of%20Aruba.svg"
"55","http://www.wikidata.org/entity/Q23408","Bouvet Island","BVT","http://www.wikidata.org/entity/Q20","Norway",NA
"56","http://www.wikidata.org/entity/Q23635","Bermuda","BMU","http://www.wikidata.org/entity/Q145","United Kingdom","http://commons.wikimedia.org/wiki/Special:FilePath/Flag%20of%20Bermuda%20%281910%E2%80%931999%29.svg"
"57","http://www.wikidata.org/entity/Q23635","Bermuda","BMU","http://www.wikidata.org/entity/Q145","United Kingdom","http://commons.wikimedia.org/wiki/Special:FilePath/Flag%20of%20Bermuda.svg"
"58","http://www.wikidata.org/entity/Q23635","Bermuda","BMU","http://www.wikidata.org/entity/Q145","United Kingdom","http://commons.wikimedia.org/wiki/Special:FilePath/Flag%20of%20Bermuda%20%281875-1910%29.svg"
"59","http://www.wikidata.org/entity/Q25230","Guernsey","GGY","http://www.wikidata.org/entity/Q25230","Guernsey","http://commons.wikimedia.org/wiki/Special:FilePath/Flag%20of%20Guernsey.svg"
"60","http://www.wikidata.org/entity/Q25279","Curaçao","CUW","http://www.wikidata.org/entity/Q29999","Kingdom of the Netherlands","http://commons.wikimedia.org/wiki/Special:FilePath/Flag%20of%20Cura%C3%A7ao.svg"
"61","http://www.wikidata.org/entity/Q29999","Kingdom of the Netherlands","NLD","http://www.wikidata.org/entity/Q29999","Kingdom of the Netherlands","http://commons.wikimedia.org/wiki/Special:FilePath/Flag%20of%20the%20Netherlands.svg"
"62","http://www.wikidata.org/entity/Q30971","French Polynesia","PYF","http://www.wikidata.org/entity/Q142","France","http://commons.wikimedia.org/wiki/Special:FilePath/Flag%20of%20French%20Polynesia.svg"
"63","http://www.wikidata.org/entity/Q31057","Norfolk Island","NFK","http://www.wikidata.org/entity/Q408","Australia","http://commons.wikimedia.org/wiki/Special:FilePath/Flag%20of%20Norfolk%20Island.svg"
"64","http://www.wikidata.org/entity/Q34020","Niue","NIU","http://www.wikidata.org/entity/Q34020","Niue","http://commons.wikimedia.org/wiki/Special:FilePath/Flag%20of%20Niue.svg"
"65","http://www.wikidata.org/entity/Q35086","South Georgia and the South Sandwich Islands","SGS","http://www.wikidata.org/entity/Q145","United Kingdom","http://commons.wikimedia.org/wiki/Special:FilePath/Flag%20of%20South%20Georgia%20and%20the%20South%20Sandwich%20Islands.svg"
"66","http://www.wikidata.org/entity/Q35672","Pitcairn Islands","PCN","http://www.wikidata.org/entity/Q145","United Kingdom","http://commons.wikimedia.org/wiki/Special:FilePath/Flag%20of%20the%20Pitcairn%20Islands.svg"
"67","http://www.wikidata.org/entity/Q36004","Cocos (Keeling) Islands","CCK","http://www.wikidata.org/entity/Q408","Australia","http://commons.wikimedia.org/wiki/Special:FilePath/Flag%20of%20the%20Cocos%20%28Keeling%29%20Islands.svg"
"68","http://www.wikidata.org/entity/Q36823","Tokelau","TKL","http://www.wikidata.org/entity/Q664","New Zealand","http://commons.wikimedia.org/wiki/Special:FilePath/Flag%20of%20Tokelau.svg"
"69","http://www.wikidata.org/entity/Q83286","Socialist Federal Republic of Yugoslavia","YUG","http://www.wikidata.org/entity/Q83286","Socialist Federal Republic of Yugoslavia","http://commons.wikimedia.org/wiki/Special:FilePath/Flag%20of%20Yugoslavia%20%281946-1992%29.svg"
"70","http://www.wikidata.org/entity/Q126125","Saint Martin (French part)","MAF","http://www.wikidata.org/entity/Q142","France","http://commons.wikimedia.org/wiki/Special:FilePath/Flag%20of%20France.svg"
"71","http://www.wikidata.org/entity/Q129003","French Southern and Antarctic Lands","ATF","http://www.wikidata.org/entity/Q142","France","http://commons.wikimedia.org/wiki/Special:FilePath/Flag%20of%20the%20French%20Southern%20and%20Antarctic%20Lands.svg"
"72","http://www.wikidata.org/entity/Q131198","Heard Island and McDonald Islands","HMD","http://www.wikidata.org/entity/Q408","Australia","http://commons.wikimedia.org/wiki/Special:FilePath/Flag%20of%20Australia.svg"
"73","http://www.wikidata.org/entity/Q184851","Diego Garcia","DGA","http://www.wikidata.org/entity/Q145","United Kingdom","http://commons.wikimedia.org/wiki/Special:FilePath/Flag%20of%20the%20Commissioner%20of%20the%20British%20Indian%20Ocean%20Territory.svg"
"74","http://www.wikidata.org/entity/Q192184","Saint Helena, Ascension and Tristan da Cunha","SHN","http://www.wikidata.org/entity/Q145","United Kingdom","http://commons.wikimedia.org/wiki/Special:FilePath/Flag%20of%20Saint%20Helena.svg"
"75","http://www.wikidata.org/entity/Q212429","Metropolitan France","FXX","http://www.wikidata.org/entity/Q142","France","http://commons.wikimedia.org/wiki/Special:FilePath/Flag%20of%20France.svg"
"76","http://www.wikidata.org/entity/Q752431","New Hebrides","NHB","http://www.wikidata.org/entity/Q142","France","http://commons.wikimedia.org/wiki/Special:FilePath/Flag%20of%20New%20Hebrides.svg"
"77","http://www.wikidata.org/entity/Q752431","New Hebrides","NHB","http://www.wikidata.org/entity/Q145","United Kingdom","http://commons.wikimedia.org/wiki/Special:FilePath/Flag%20of%20New%20Hebrides.svg"
"78","http://www.wikidata.org/entity/Q752431","New Hebrides","NHB","http://www.wikidata.org/entity/Q686","Vanuatu","http://commons.wikimedia.org/wiki/Special:FilePath/Flag%20of%20New%20Hebrides.svg"
"79","http://www.wikidata.org/entity/Q752431","New Hebrides","NHB","http://www.wikidata.org/entity/Q142","France","http://commons.wikimedia.org/wiki/Special:FilePath/Flag%20of%20New%20Hebrides%20%281969%29.svg"
"80","http://www.wikidata.org/entity/Q752431","New Hebrides","NHB","http://www.wikidata.org/entity/Q145","United Kingdom","http://commons.wikimedia.org/wiki/Special:FilePath/Flag%20of%20New%20Hebrides%20%281969%29.svg"
"81","http://www.wikidata.org/entity/Q752431","New Hebrides","NHB","http://www.wikidata.org/entity/Q686","Vanuatu","http://commons.wikimedia.org/wiki/Special:FilePath/Flag%20of%20New%20Hebrides%20%281969%29.svg"
"82","http://www.wikidata.org/entity/Q797422","Republic of Upper Volta","HVO","http://www.wikidata.org/entity/Q797422","Republic of Upper Volta","http://commons.wikimedia.org/wiki/Special:FilePath/Flag%20of%20Upper%20Volta.svg"
"83","http://www.wikidata.org/entity/Q798431","Republic of Dahomey","DHY","http://www.wikidata.org/entity/Q798431","Republic of Dahomey","http://commons.wikimedia.org/wiki/Special:FilePath/Flag%20of%20Benin.svg"
"84","http://www.wikidata.org/entity/Q838261","Federal Republic of Yugoslavia","YUG",NA,NA,"http://commons.wikimedia.org/wiki/Special:FilePath/Flag%20of%20Yugoslavia%20%281992%E2%80%932003%29%3B%20Flag%20of%20Serbia%20and%20Montenegro%20%282003%E2%80%932006%29.svg"
"85","http://www.wikidata.org/entity/Q1450765","French Territory of the Afars and the Issas","AFI",NA,NA,"http://commons.wikimedia.org/wiki/Special:FilePath/Flag%20of%20France.svg"
"86","http://www.wikidata.org/entity/Q2618621","Canton and Enderbury Islands","CTE","http://www.wikidata.org/entity/Q30","United States of America",NA
"87","http://www.wikidata.org/entity/Q28","Hungary","HUN","http://www.wikidata.org/entity/Q28","Hungary","http://commons.wikimedia.org/wiki/Special:FilePath/Flag%20of%20Hungary.svg"
"88","http://www.wikidata.org/entity/Q29","Spain","ESP","http://www.wikidata.org/entity/Q29","Spain","http://commons.wikimedia.org/wiki/Special:FilePath/Flag%20of%20Spain.svg"
"89","http://www.wikidata.org/entity/Q30","United States of America","USA","http://www.wikidata.org/entity/Q30","United States of America","http://commons.wikimedia.org/wiki/Special:FilePath/Flag%20of%20the%20United%20States.svg"
"90","http://www.wikidata.org/entity/Q31","Belgium","BEL","http://www.wikidata.org/entity/Q31","Belgium","http://commons.wikimedia.org/wiki/Special:FilePath/Flag%20of%20Belgium%20%28civil%29.svg"
"91","http://www.wikidata.org/entity/Q33","Finland","FIN","http://www.wikidata.org/entity/Q33","Finland","http://commons.wikimedia.org/wiki/Special:FilePath/Flag%20of%20Finland.svg"
"92","http://www.wikidata.org/entity/Q37","Lithuania","LTU","http://www.wikidata.org/entity/Q37","Lithuania","http://commons.wikimedia.org/wiki/Special:FilePath/Flag%20of%20Lithuania.svg"
"93","http://www.wikidata.org/entity/Q40","Austria","AUT","http://www.wikidata.org/entity/Q40","Austria","http://commons.wikimedia.org/wiki/Special:FilePath/Flag%20of%20Austria.svg"
"94","http://www.wikidata.org/entity/Q45","Portugal","PRT","http://www.wikidata.org/entity/Q45","Portugal","http://commons.wikimedia.org/wiki/Special:FilePath/Flag%20of%20Portugal.svg"
"95","http://www.wikidata.org/entity/Q96","Mexico","MEX","http://www.wikidata.org/entity/Q96","Mexico","http://commons.wikimedia.org/wiki/Special:FilePath/Flag%20of%20Mexico.svg"
"96","http://www.wikidata.org/entity/Q142","France","FRA","http://www.wikidata.org/entity/Q142","France","http://commons.wikimedia.org/wiki/Special:FilePath/Flag%20of%20France.svg"
"97","http://www.wikidata.org/entity/Q148","People's Republic of China","CHN","http://www.wikidata.org/entity/Q148","People's Republic of China","http://commons.wikimedia.org/wiki/Special:FilePath/Flag%20of%20the%20People%27s%20Republic%20of%20China.svg"
"98","http://www.wikidata.org/entity/Q155","Brazil","BRA","http://www.wikidata.org/entity/Q155","Brazil","http://commons.wikimedia.org/wiki/Special:FilePath/Flag%20of%20Brazil.svg"
"99","http://www.wikidata.org/entity/Q183","Germany","DEU","http://www.wikidata.org/entity/Q183","Germany","http://commons.wikimedia.org/wiki/Special:FilePath/Flag%20of%20Germany.svg"
"100","http://www.wikidata.org/entity/Q184","Belarus","BLR","http://www.wikidata.org/entity/Q184","Belarus","http://commons.wikimedia.org/wiki/Special:FilePath/Flag%20of%20Belarus.svg"
"101","http://www.wikidata.org/entity/Q211","Latvia","LVA","http://www.wikidata.org/entity/Q211","Latvia","http://commons.wikimedia.org/wiki/Special:FilePath/Flag%20of%20Latvia.svg"
"102","http://www.wikidata.org/entity/Q212","Ukraine","UKR","http://www.wikidata.org/entity/Q212","Ukraine","http://commons.wikimedia.org/wiki/Special:FilePath/Flag%20of%20Ukraine.svg"
"103","http://www.wikidata.org/entity/Q217","Moldova","MDA","http://www.wikidata.org/entity/Q217","Moldova","http://commons.wikimedia.org/wiki/Special:FilePath/Flag%20of%20Moldova.svg"
"104","http://www.wikidata.org/entity/Q219","Bulgaria","BGR","http://www.wikidata.org/entity/Q219","Bulgaria","http://commons.wikimedia.org/wiki/Special:FilePath/Flag%20of%20Bulgaria.svg"
"105","http://www.wikidata.org/entity/Q222","Albania","ALB","http://www.wikidata.org/entity/Q222","Albania","http://commons.wikimedia.org/wiki/Special:FilePath/Flag%20of%20Albania.svg"
"106","http://www.wikidata.org/entity/Q225","Bosnia and Herzegovina","BIH","http://www.wikidata.org/entity/Q225","Bosnia and Herzegovina","http://commons.wikimedia.org/wiki/Special:FilePath/Flag%20of%20Bosnia%20and%20Herzegovina.svg"
"107","http://www.wikidata.org/entity/Q227","Azerbaijan","AZE","http://www.wikidata.org/entity/Q227","Azerbaijan","http://commons.wikimedia.org/wiki/Special:FilePath/Flag%20of%20Azerbaijan.svg"
"108","http://www.wikidata.org/entity/Q229","Cyprus","CYP","http://www.wikidata.org/entity/Q229","Cyprus","http://commons.wikimedia.org/wiki/Special:FilePath/Flag%20of%20Cyprus.svg"
"109","http://www.wikidata.org/entity/Q230","Georgia","GEO","http://www.wikidata.org/entity/Q230","Georgia","http://commons.wikimedia.org/wiki/Special:FilePath/Flag%20of%20Georgia.svg"
"110","http://www.wikidata.org/entity/Q233","Malta","MLT","http://www.wikidata.org/entity/Q233","Malta","http://commons.wikimedia.org/wiki/Special:FilePath/Flag%20of%20Malta.svg"
"111","http://www.wikidata.org/entity/Q235","Monaco","MCO","http://www.wikidata.org/entity/Q235","Monaco","http://commons.wikimedia.org/wiki/Special:FilePath/Flag%20of%20Monaco.svg"
"112","http://www.wikidata.org/entity/Q236","Montenegro","MNE","http://www.wikidata.org/entity/Q236","Montenegro","http://commons.wikimedia.org/wiki/Special:FilePath/Flag%20of%20Montenegro.svg"
"113","http://www.wikidata.org/entity/Q241","Cuba","CUB","http://www.wikidata.org/entity/Q241","Cuba","http://commons.wikimedia.org/wiki/Special:FilePath/Flag%20of%20Cuba.svg"
"114","http://www.wikidata.org/entity/Q262","Algeria","DZA","http://www.wikidata.org/entity/Q262","Algeria","http://commons.wikimedia.org/wiki/Special:FilePath/Flag%20of%20Algeria.svg"
"115","http://www.wikidata.org/entity/Q265","Uzbekistan","UZB","http://www.wikidata.org/entity/Q265","Uzbekistan","http://commons.wikimedia.org/wiki/Special:FilePath/Flag%20of%20Uzbekistan.svg"
"116","http://www.wikidata.org/entity/Q298","Chile","CHL","http://www.wikidata.org/entity/Q298","Chile","http://commons.wikimedia.org/wiki/Special:FilePath/Flag%20of%20Chile.svg"
"117","http://www.wikidata.org/entity/Q334","Singapore","SGP","http://www.wikidata.org/entity/Q334","Singapore","http://commons.wikimedia.org/wiki/Special:FilePath/Flag%20of%20Singapore.svg"
"118","http://www.wikidata.org/entity/Q347","Liechtenstein","LIE","http://www.wikidata.org/entity/Q347","Liechtenstein","http://commons.wikimedia.org/wiki/Special:FilePath/Flag%20of%20Liechtenstein.svg"
"119","http://www.wikidata.org/entity/Q398","Bahrain","BHR","http://www.wikidata.org/entity/Q398","Bahrain","http://commons.wikimedia.org/wiki/Special:FilePath/Flag%20of%20Bahrain.svg"
"120","http://www.wikidata.org/entity/Q399","Armenia","ARM","http://www.wikidata.org/entity/Q399","Armenia","http://commons.wikimedia.org/wiki/Special:FilePath/Flag%20of%20Armenia.svg"
"121","http://www.wikidata.org/entity/Q403","Serbia","SRB","http://www.wikidata.org/entity/Q403","Serbia","http://commons.wikimedia.org/wiki/Special:FilePath/Flag%20of%20Serbia.svg"
"122","http://www.wikidata.org/entity/Q414","Argentina","ARG","http://www.wikidata.org/entity/Q414","Argentina","http://commons.wikimedia.org/wiki/Special:FilePath/Flag%20of%20Argentina.svg"
"123","http://www.wikidata.org/entity/Q574","East Timor","TLS","http://www.wikidata.org/entity/Q574","East Timor","http://commons.wikimedia.org/wiki/Special:FilePath/Flag%20of%20East%20Timor.svg"
"124","http://www.wikidata.org/entity/Q664","New Zealand","NZL","http://www.wikidata.org/entity/Q664","New Zealand","http://commons.wikimedia.org/wiki/Special:FilePath/Flag%20of%20New%20Zealand.svg"
"125","http://www.wikidata.org/entity/Q668","India","IND","http://www.wikidata.org/entity/Q668","India","http://commons.wikimedia.org/wiki/Special:FilePath/Flag%20of%20India.svg"
"126","http://www.wikidata.org/entity/Q686","Vanuatu","VUT","http://www.wikidata.org/entity/Q686","Vanuatu","http://commons.wikimedia.org/wiki/Special:FilePath/Flag%20of%20Vanuatu.svg"
"127","http://www.wikidata.org/entity/Q695","Palau","PLW","http://www.wikidata.org/entity/Q695","Palau","http://commons.wikimedia.org/wiki/Special:FilePath/Flag%20of%20Palau.svg"
"128","http://www.wikidata.org/entity/Q711","Mongolia","MNG","http://www.wikidata.org/entity/Q711","Mongolia","http://commons.wikimedia.org/wiki/Special:FilePath/Flag%20of%20Mongolia.svg"
"129","http://www.wikidata.org/entity/Q717","Venezuela","VEN","http://www.wikidata.org/entity/Q717","Venezuela","http://commons.wikimedia.org/wiki/Special:FilePath/Flag%20of%20Venezuela.svg"
"130","http://www.wikidata.org/entity/Q739","Colombia","COL","http://www.wikidata.org/entity/Q739","Colombia","http://commons.wikimedia.org/wiki/Special:FilePath/Flag%20of%20Colombia.svg"
"131","http://www.wikidata.org/entity/Q769","Grenada","GRD","http://www.wikidata.org/entity/Q769","Grenada","http://commons.wikimedia.org/wiki/Special:FilePath/Flag%20of%20Grenada.svg"
"132","http://www.wikidata.org/entity/Q783","Honduras","HND","http://www.wikidata.org/entity/Q783","Honduras","http://commons.wikimedia.org/wiki/Special:FilePath/Flag%20of%20Honduras.svg"
"133","http://www.wikidata.org/entity/Q784","Dominica","DMA","http://www.wikidata.org/entity/Q784","Dominica","http://commons.wikimedia.org/wiki/Special:FilePath/Flag%20of%20Dominica.svg"
"134","http://www.wikidata.org/entity/Q786","Dominican Republic","DOM","http://www.wikidata.org/entity/Q786","Dominican Republic","http://commons.wikimedia.org/wiki/Special:FilePath/Flag%20of%20the%20Dominican%20Republic.svg"
"135","http://www.wikidata.org/entity/Q790","Haiti","HTI","http://www.wikidata.org/entity/Q790","Haiti","http://commons.wikimedia.org/wiki/Special:FilePath/Flag%20of%20Haiti.svg"
"136","http://www.wikidata.org/entity/Q794","Iran","IRN","http://www.wikidata.org/entity/Q794","Iran","http://commons.wikimedia.org/wiki/Special:FilePath/Flag%20of%20Iran.svg"
"137","http://www.wikidata.org/entity/Q801","Israel","ISR","http://www.wikidata.org/entity/Q801","Israel","http://commons.wikimedia.org/wiki/Special:FilePath/Flag%20of%20Israel.svg"
"138","http://www.wikidata.org/entity/Q804","Panama","PAN","http://www.wikidata.org/entity/Q804","Panama","http://commons.wikimedia.org/wiki/Special:FilePath/Flag%20of%20Panama.svg"
"139","http://www.wikidata.org/entity/Q805","Yemen","YEM","http://www.wikidata.org/entity/Q805","Yemen","http://commons.wikimedia.org/wiki/Special:FilePath/Flag%20of%20Yemen.svg"
"140","http://www.wikidata.org/entity/Q819","Laos","LAO","http://www.wikidata.org/entity/Q819","Laos","http://commons.wikimedia.org/wiki/Special:FilePath/Flag%20of%20Laos.svg"
"141","http://www.wikidata.org/entity/Q826","Maldives","MDV","http://www.wikidata.org/entity/Q826","Maldives","http://commons.wikimedia.org/wiki/Special:FilePath/Flag%20of%20Maldives.svg"
"142","http://www.wikidata.org/entity/Q846","Qatar","QAT","http://www.wikidata.org/entity/Q846","Qatar","http://commons.wikimedia.org/wiki/Special:FilePath/Flag%20of%20Qatar.svg"
"143","http://www.wikidata.org/entity/Q851","Saudi Arabia","SAU","http://www.wikidata.org/entity/Q851","Saudi Arabia","http://commons.wikimedia.org/wiki/Special:FilePath/Flag%20of%20Saudi%20Arabia.svg"
"144","http://www.wikidata.org/entity/Q858","Syria","SYR","http://www.wikidata.org/entity/Q858","Syria","http://commons.wikimedia.org/wiki/Special:FilePath/Flag%20of%20Syria.svg"
"145","http://www.wikidata.org/entity/Q863","Tajikistan","TJK","http://www.wikidata.org/entity/Q863","Tajikistan","http://commons.wikimedia.org/wiki/Special:FilePath/Flag%20of%20Tajikistan.svg"
"146","http://www.wikidata.org/entity/Q869","Thailand","THA","http://www.wikidata.org/entity/Q869","Thailand","http://commons.wikimedia.org/wiki/Special:FilePath/Flag%20of%20Thailand.svg"
"147","http://www.wikidata.org/entity/Q878","United Arab Emirates","ARE","http://www.wikidata.org/entity/Q878","United Arab Emirates","http://commons.wikimedia.org/wiki/Special:FilePath/Flag%20of%20the%20United%20Arab%20Emirates.svg"
"148","http://www.wikidata.org/entity/Q884","South Korea","KOR","http://www.wikidata.org/entity/Q884","South Korea","http://commons.wikimedia.org/wiki/Special:FilePath/Flag%20of%20South%20Korea.svg"
"149","http://www.wikidata.org/entity/Q889","Afghanistan","AFG","http://www.wikidata.org/entity/Q889","Afghanistan","http://commons.wikimedia.org/wiki/Special:FilePath/Flag%20of%20Afghanistan.svg"
"150","http://www.wikidata.org/entity/Q902","Bangladesh","BGD","http://www.wikidata.org/entity/Q902","Bangladesh","http://commons.wikimedia.org/wiki/Special:FilePath/Flag%20of%20Bangladesh.svg"
"151","http://www.wikidata.org/entity/Q912","Mali","MLI","http://www.wikidata.org/entity/Q912","Mali","http://commons.wikimedia.org/wiki/Special:FilePath/Flag%20of%20Mali.svg"
"152","http://www.wikidata.org/entity/Q916","Angola","AGO","http://www.wikidata.org/entity/Q916","Angola","http://commons.wikimedia.org/wiki/Special:FilePath/Flag%20of%20Angola.svg"
"153","http://www.wikidata.org/entity/Q921","Brunei","BRN","http://www.wikidata.org/entity/Q921","Brunei","http://commons.wikimedia.org/wiki/Special:FilePath/Flag%20of%20Brunei.svg"
"154","http://www.wikidata.org/entity/Q945","Togo","TGO","http://www.wikidata.org/entity/Q945","Togo","http://commons.wikimedia.org/wiki/Special:FilePath/Flag%20of%20Togo.svg"
"155","http://www.wikidata.org/entity/Q962","Benin","BEN","http://www.wikidata.org/entity/Q962","Benin","http://commons.wikimedia.org/wiki/Special:FilePath/Flag%20of%20Benin.svg"
"156","http://www.wikidata.org/entity/Q970","Comoros","COM","http://www.wikidata.org/entity/Q970","Comoros","http://commons.wikimedia.org/wiki/Special:FilePath/Flag%20of%20the%20Comoros.svg"
"157","http://www.wikidata.org/entity/Q971","Republic of the Congo","COG","http://www.wikidata.org/entity/Q971","Republic of the Congo","http://commons.wikimedia.org/wiki/Special:FilePath/Flag%20of%20the%20Republic%20of%20the%20Congo.svg"
"158","http://www.wikidata.org/entity/Q974","Democratic Republic of the Congo","COD","http://www.wikidata.org/entity/Q974","Democratic Republic of the Congo","http://commons.wikimedia.org/wiki/Special:FilePath/Flag%20of%20the%20Democratic%20Republic%20of%20the%20Congo.svg"
"159","http://www.wikidata.org/entity/Q977","Djibouti","DJI","http://www.wikidata.org/entity/Q977","Djibouti","http://commons.wikimedia.org/wiki/Special:FilePath/Flag%20of%20Djibouti.svg"
"160","http://www.wikidata.org/entity/Q986","Eritrea","ERI","http://www.wikidata.org/entity/Q986","Eritrea","http://commons.wikimedia.org/wiki/Special:FilePath/Flag%20of%20Eritrea.svg"
"161","http://www.wikidata.org/entity/Q1007","Guinea-Bissau","GNB","http://www.wikidata.org/entity/Q1007","Guinea-Bissau","http://commons.wikimedia.org/wiki/Special:FilePath/Flag%20of%20Guinea-Bissau.svg"
"162","http://www.wikidata.org/entity/Q1008","Ivory Coast","CIV","http://www.wikidata.org/entity/Q1008","Ivory Coast","http://commons.wikimedia.org/wiki/Special:FilePath/Flag%20of%20C%C3%B4te%20d%27Ivoire.svg"
"163","http://www.wikidata.org/entity/Q1009","Cameroon","CMR","http://www.wikidata.org/entity/Q1009","Cameroon","http://commons.wikimedia.org/wiki/Special:FilePath/Flag%20of%20Cameroon.svg"
"164","http://www.wikidata.org/entity/Q1014","Liberia","LBR","http://www.wikidata.org/entity/Q1014","Liberia","http://commons.wikimedia.org/wiki/Special:FilePath/Flag%20of%20Liberia.svg"
"165","http://www.wikidata.org/entity/Q1016","Libya","LBY","http://www.wikidata.org/entity/Q1016","Libya","http://commons.wikimedia.org/wiki/Special:FilePath/Flag%20of%20Libya.svg"
"166","http://www.wikidata.org/entity/Q1027","Mauritius","MUS","http://www.wikidata.org/entity/Q1027","Mauritius","http://commons.wikimedia.org/wiki/Special:FilePath/Flag%20of%20Mauritius.svg"
"167","http://www.wikidata.org/entity/Q1028","Morocco","MAR","http://www.wikidata.org/entity/Q1028","Morocco","http://commons.wikimedia.org/wiki/Special:FilePath/Flag%20of%20Morocco.svg"
"168","http://www.wikidata.org/entity/Q1030","Namibia","NAM","http://www.wikidata.org/entity/Q1030","Namibia","http://commons.wikimedia.org/wiki/Special:FilePath/Flag%20of%20Namibia.svg"
"169","http://www.wikidata.org/entity/Q1044","Sierra Leone","SLE","http://www.wikidata.org/entity/Q1044","Sierra Leone","http://commons.wikimedia.org/wiki/Special:FilePath/Flag%20of%20Sierra%20Leone.svg"
"170","http://www.wikidata.org/entity/Q1049","Sudan","SDN","http://www.wikidata.org/entity/Q1049","Sudan","http://commons.wikimedia.org/wiki/Special:FilePath/Flag%20of%20Sudan.svg"
"171","http://www.wikidata.org/entity/Q1183","Puerto Rico","PRI","http://www.wikidata.org/entity/Q30","United States of America","http://commons.wikimedia.org/wiki/Special:FilePath/Flag%20of%20Puerto%20Rico.svg"
"172","http://www.wikidata.org/entity/Q3769","French Guiana","GUF","http://www.wikidata.org/entity/Q142","France","http://commons.wikimedia.org/wiki/Special:FilePath/Flag%20of%20France.svg"
"173","http://www.wikidata.org/entity/Q8646","Hong Kong","HKG","http://www.wikidata.org/entity/Q148","People's Republic of China","http://commons.wikimedia.org/wiki/Special:FilePath/Flag%20of%20Hong%20Kong.svg"
"174","http://www.wikidata.org/entity/Q9648","Falkland Islands","FLK","http://www.wikidata.org/entity/Q145","United Kingdom","http://commons.wikimedia.org/wiki/Special:FilePath/Flag%20of%20the%20Falkland%20Islands.svg"
"175","http://www.wikidata.org/entity/Q9676","Isle of Man","IMN","http://www.wikidata.org/entity/Q145","United Kingdom","http://commons.wikimedia.org/wiki/Special:FilePath/Flag%20of%20the%20Isle%20of%20Man.svg"
"176","http://www.wikidata.org/entity/Q11703","United States Virgin Islands","VIR","http://www.wikidata.org/entity/Q30","United States of America","http://commons.wikimedia.org/wiki/Special:FilePath/Flag%20of%20the%20United%20States%20Virgin%20Islands.svg"
"177","http://www.wikidata.org/entity/Q13353","Montserrat","MSR","http://www.wikidata.org/entity/Q145","United Kingdom","http://commons.wikimedia.org/wiki/Special:FilePath/Flag%20of%20Montserrat.svg"
"178","http://www.wikidata.org/entity/Q14773","Macau","MAC","http://www.wikidata.org/entity/Q148","People's Republic of China","http://commons.wikimedia.org/wiki/Special:FilePath/Flag%20of%20Macau.svg"
"179","http://www.wikidata.org/entity/Q16635","Guam","GUM","http://www.wikidata.org/entity/Q30","United States of America","http://commons.wikimedia.org/wiki/Special:FilePath/Flag%20of%20Guam.svg"
"180","http://www.wikidata.org/entity/Q25227","Netherlands Antilles","ANT","http://www.wikidata.org/entity/Q29999","Kingdom of the Netherlands","http://commons.wikimedia.org/wiki/Special:FilePath/Flag%20of%20the%20Netherlands%20Antilles%20%281986%E2%80%932010%29.svg"
"181","http://www.wikidata.org/entity/Q25228","Anguilla","AIA","http://www.wikidata.org/entity/Q145","United Kingdom","http://commons.wikimedia.org/wiki/Special:FilePath/Flag%20of%20Anguilla.svg"
"182","http://www.wikidata.org/entity/Q26988","Cook Islands","COK","http://www.wikidata.org/entity/Q26988","Cook Islands","http://commons.wikimedia.org/wiki/Special:FilePath/Flag%20of%20the%20Cook%20Islands.svg"
"183","http://www.wikidata.org/entity/Q27561","Caribbean Netherlands","BES","http://www.wikidata.org/entity/Q55","Netherlands","http://commons.wikimedia.org/wiki/Special:FilePath/Flag%20of%20the%20Netherlands.svg"
"184","http://www.wikidata.org/entity/Q27561","Caribbean Netherlands","BES","http://www.wikidata.org/entity/Q29999","Kingdom of the Netherlands","http://commons.wikimedia.org/wiki/Special:FilePath/Flag%20of%20the%20Netherlands.svg"
"185","http://www.wikidata.org/entity/Q31063","Christmas Island","CXR","http://www.wikidata.org/entity/Q408","Australia","http://commons.wikimedia.org/wiki/Special:FilePath/Flag%20of%20Christmas%20Island.svg"
"186","http://www.wikidata.org/entity/Q43448","British Indian Ocean Territory","IOT","http://www.wikidata.org/entity/Q145","United Kingdom","http://commons.wikimedia.org/wiki/Special:FilePath/Flag%20of%20the%20Commissioner%20of%20the%20British%20Indian%20Ocean%20Territory.svg"
"187","http://www.wikidata.org/entity/Q165783","British Antarctic Territory","ATB","http://www.wikidata.org/entity/Q145","United Kingdom","http://commons.wikimedia.org/wiki/Special:FilePath/Flag%20of%20the%20British%20Antarctic%20Territory.svg"
"188","http://www.wikidata.org/entity/Q407199","Palestinian territories","PSE","http://www.wikidata.org/entity/Q801","Israel","http://commons.wikimedia.org/wiki/Special:FilePath/Flag%20of%20Palestine.svg"
"189","http://www.wikidata.org/entity/Q407199","Palestinian territories","PSE","http://www.wikidata.org/entity/Q219060","State of Palestine","http://commons.wikimedia.org/wiki/Special:FilePath/Flag%20of%20Palestine.svg"
"190","http://www.wikidata.org/entity/Q842829","Svalbard and Jan Mayen","SJM","http://www.wikidata.org/entity/Q20","Norway",NA
"191","http://www.wikidata.org/entity/Q1050859","Gilbert and Ellice Islands","GEL","http://www.wikidata.org/entity/Q145","United Kingdom","http://commons.wikimedia.org/wiki/Special:FilePath/Flag%20of%20the%20Gilbert%20and%20Ellice%20Islands%20%281937%E2%80%931976%29.svg"
"192","http://www.wikidata.org/entity/Q21590062","Antarctic Treaty area","ATA",NA,NA,"http://commons.wikimedia.org/wiki/Special:FilePath/Flag%20of%20the%20Antarctic%20Treaty.svg"
"193","http://www.wikidata.org/entity/Q219060","State of Palestine","PSE","http://www.wikidata.org/entity/Q219060","State of Palestine","http://commons.wikimedia.org/wiki/Special:FilePath/Flag%20of%20Palestine.svg"
"194","http://www.wikidata.org/entity/Q16","Canada","CAN","http://www.wikidata.org/entity/Q16","Canada","http://commons.wikimedia.org/wiki/Special:FilePath/Flag%20of%20Canada%20%28Pantone%29.svg"
"195","http://www.wikidata.org/entity/Q17","Japan","JPN","http://www.wikidata.org/entity/Q17","Japan","http://commons.wikimedia.org/wiki/Special:FilePath/Flag%20of%20Japan.svg"
"196","http://www.wikidata.org/entity/Q20","Norway","NOR","http://www.wikidata.org/entity/Q20","Norway","http://commons.wikimedia.org/wiki/Special:FilePath/Flag%20of%20Norway.svg"
"197","http://www.wikidata.org/entity/Q27","Ireland","IRL","http://www.wikidata.org/entity/Q27","Ireland","http://commons.wikimedia.org/wiki/Special:FilePath/Flag%20of%20Ireland.svg"
"198","http://www.wikidata.org/entity/Q32","Luxembourg","LUX","http://www.wikidata.org/entity/Q32","Luxembourg","http://commons.wikimedia.org/wiki/Special:FilePath/Flag%20of%20Luxembourg.svg"
"199","http://www.wikidata.org/entity/Q34","Sweden","SWE","http://www.wikidata.org/entity/Q34","Sweden","http://commons.wikimedia.org/wiki/Special:FilePath/Flag%20of%20Sweden.svg"
"200","http://www.wikidata.org/entity/Q35","Denmark","DNK","http://www.wikidata.org/entity/Q756617","Danish Realm","http://commons.wikimedia.org/wiki/Special:FilePath/Flag%20of%20Denmark.svg"
"201","http://www.wikidata.org/entity/Q36","Poland","POL","http://www.wikidata.org/entity/Q36","Poland","http://commons.wikimedia.org/wiki/Special:FilePath/Flag%20of%20Poland.svg"
"202","http://www.wikidata.org/entity/Q38","Italy","ITA","http://www.wikidata.org/entity/Q38","Italy","http://commons.wikimedia.org/wiki/Special:FilePath/Flag%20of%20Italy.svg"
"203","http://www.wikidata.org/entity/Q39","Switzerland","CHE","http://www.wikidata.org/entity/Q39","Switzerland","http://commons.wikimedia.org/wiki/Special:FilePath/Flag%20of%20Switzerland.svg"
"204","http://www.wikidata.org/entity/Q43","Turkey","TUR","http://www.wikidata.org/entity/Q43","Turkey","http://commons.wikimedia.org/wiki/Special:FilePath/Flag%20of%20Turkey.svg"
"205","http://www.wikidata.org/entity/Q79","Egypt","EGY","http://www.wikidata.org/entity/Q79","Egypt","http://commons.wikimedia.org/wiki/Special:FilePath/Flag%20of%20Egypt.svg"
"206","http://www.wikidata.org/entity/Q114","Kenya","KEN","http://www.wikidata.org/entity/Q114","Kenya","http://commons.wikimedia.org/wiki/Special:FilePath/Flag%20of%20Kenya.svg"
"207","http://www.wikidata.org/entity/Q115","Ethiopia","ETH","http://www.wikidata.org/entity/Q115","Ethiopia","http://commons.wikimedia.org/wiki/Special:FilePath/Flag%20of%20Ethiopia.svg"
"208","http://www.wikidata.org/entity/Q117","Ghana","GHA","http://www.wikidata.org/entity/Q117","Ghana","http://commons.wikimedia.org/wiki/Special:FilePath/Flag%20of%20Ghana.svg"
"209","http://www.wikidata.org/entity/Q145","United Kingdom","GBR","http://www.wikidata.org/entity/Q145","United Kingdom","http://commons.wikimedia.org/wiki/Special:FilePath/Flag%20of%20the%20United%20Kingdom.svg"
"210","http://www.wikidata.org/entity/Q159","Russia","RUS","http://www.wikidata.org/entity/Q159","Russia","http://commons.wikimedia.org/wiki/Special:FilePath/Flag%20of%20Russia.svg"
"211","http://www.wikidata.org/entity/Q189","Iceland","ISL","http://www.wikidata.org/entity/Q189","Iceland","http://commons.wikimedia.org/wiki/Special:FilePath/Flag%20of%20Iceland.svg"
"212","http://www.wikidata.org/entity/Q191","Estonia","EST","http://www.wikidata.org/entity/Q191","Estonia","http://commons.wikimedia.org/wiki/Special:FilePath/Flag%20of%20Estonia.svg"
"213","http://www.wikidata.org/entity/Q213","Czech Republic","CZE","http://www.wikidata.org/entity/Q213","Czech Republic","http://commons.wikimedia.org/wiki/Special:FilePath/Flag%20of%20the%20Czech%20Republic.svg"
"214","http://www.wikidata.org/entity/Q214","Slovakia","SVK","http://www.wikidata.org/entity/Q214","Slovakia","http://commons.wikimedia.org/wiki/Special:FilePath/Flag%20of%20Slovakia.svg"
"215","http://www.wikidata.org/entity/Q215","Slovenia","SVN","http://www.wikidata.org/entity/Q215","Slovenia","http://commons.wikimedia.org/wiki/Special:FilePath/Flag%20of%20Slovenia.svg"
"216","http://www.wikidata.org/entity/Q218","Romania","ROU","http://www.wikidata.org/entity/Q218","Romania","http://commons.wikimedia.org/wiki/Special:FilePath/Flag%20of%20Romania.svg"
"217","http://www.wikidata.org/entity/Q224","Croatia","HRV","http://www.wikidata.org/entity/Q224","Croatia","http://commons.wikimedia.org/wiki/Special:FilePath/Flag%20of%20Croatia.svg"
"218","http://www.wikidata.org/entity/Q228","Andorra","AND","http://www.wikidata.org/entity/Q228","Andorra","http://commons.wikimedia.org/wiki/Special:FilePath/Flag%20of%20Andorra.svg"
"219","http://www.wikidata.org/entity/Q232","Kazakhstan","KAZ","http://www.wikidata.org/entity/Q232","Kazakhstan","http://commons.wikimedia.org/wiki/Special:FilePath/Flag%20of%20Kazakhstan.svg"
"220","http://www.wikidata.org/entity/Q237","Vatican City","VAT","http://www.wikidata.org/entity/Q237","Vatican City","http://commons.wikimedia.org/wiki/Special:FilePath/Flag%20of%20the%20Vatican%20City.svg"
"221","http://www.wikidata.org/entity/Q238","San Marino","SMR","http://www.wikidata.org/entity/Q238","San Marino","http://commons.wikimedia.org/wiki/Special:FilePath/Flag%20of%20San%20Marino.svg"
"222","http://www.wikidata.org/entity/Q242","Belize","BLZ","http://www.wikidata.org/entity/Q242","Belize","http://commons.wikimedia.org/wiki/Special:FilePath/Flag%20of%20Belize.svg"
"223","http://www.wikidata.org/entity/Q244","Barbados","BRB","http://www.wikidata.org/entity/Q244","Barbados","http://commons.wikimedia.org/wiki/Special:FilePath/Flag%20of%20Barbados.svg"
"224","http://www.wikidata.org/entity/Q252","Indonesia","IDN","http://www.wikidata.org/entity/Q252","Indonesia","http://commons.wikimedia.org/wiki/Special:FilePath/Flag%20of%20Indonesia.svg"
"225","http://www.wikidata.org/entity/Q258","South Africa","ZAF","http://www.wikidata.org/entity/Q258","South Africa","http://commons.wikimedia.org/wiki/Special:FilePath/Flag%20of%20South%20Africa.svg"
"226","http://www.wikidata.org/entity/Q408","Australia","AUS","http://www.wikidata.org/entity/Q408","Australia","http://commons.wikimedia.org/wiki/Special:FilePath/Flag%20of%20Australia%20%28converted%29.svg"
"227","http://www.wikidata.org/entity/Q419","Peru","PER","http://www.wikidata.org/entity/Q419","Peru","http://commons.wikimedia.org/wiki/Special:FilePath/Flag%20of%20Peru.svg"
"228","http://www.wikidata.org/entity/Q423","North Korea","PRK","http://www.wikidata.org/entity/Q423","North Korea","http://commons.wikimedia.org/wiki/Special:FilePath/Flag%20of%20North%20Korea.svg"
"229","http://www.wikidata.org/entity/Q657","Chad","TCD","http://www.wikidata.org/entity/Q657","Chad","http://commons.wikimedia.org/wiki/Special:FilePath/Flag%20of%20Chad.svg"
"230","http://www.wikidata.org/entity/Q672","Tuvalu","TUV","http://www.wikidata.org/entity/Q672","Tuvalu","http://commons.wikimedia.org/wiki/Special:FilePath/Flag%20of%20Tuvalu.svg"
"231","http://www.wikidata.org/entity/Q678","Tonga","TON","http://www.wikidata.org/entity/Q678","Tonga","http://commons.wikimedia.org/wiki/Special:FilePath/Flag%20of%20Tonga.svg"
"232","http://www.wikidata.org/entity/Q685","Solomon Islands","SLB","http://www.wikidata.org/entity/Q685","Solomon Islands","http://commons.wikimedia.org/wiki/Special:FilePath/Flag%20of%20the%20Solomon%20Islands.svg"
"233","http://www.wikidata.org/entity/Q691","Papua New Guinea","PNG","http://www.wikidata.org/entity/Q691","Papua New Guinea","http://commons.wikimedia.org/wiki/Special:FilePath/Flag%20of%20Papua%20New%20Guinea.svg"
"234","http://www.wikidata.org/entity/Q702","Federated States of Micronesia","FSM","http://www.wikidata.org/entity/Q702","Federated States of Micronesia","http://commons.wikimedia.org/wiki/Special:FilePath/Flag%20of%20the%20Federated%20States%20of%20Micronesia.svg"
"235","http://www.wikidata.org/entity/Q709","Marshall Islands","MHL","http://www.wikidata.org/entity/Q709","Marshall Islands","http://commons.wikimedia.org/wiki/Special:FilePath/Flag%20of%20the%20Marshall%20Islands.svg"
"236","http://www.wikidata.org/entity/Q710","Kiribati","KIR","http://www.wikidata.org/entity/Q710","Kiribati","http://commons.wikimedia.org/wiki/Special:FilePath/Flag%20of%20Kiribati.svg"
"237","http://www.wikidata.org/entity/Q734","Guyana","GUY","http://www.wikidata.org/entity/Q734","Guyana","http://commons.wikimedia.org/wiki/Special:FilePath/Flag%20of%20Guyana.svg"
"238","http://www.wikidata.org/entity/Q736","Ecuador","ECU","http://www.wikidata.org/entity/Q736","Ecuador","http://commons.wikimedia.org/wiki/Special:FilePath/Flag%20of%20Ecuador.svg"
"239","http://www.wikidata.org/entity/Q750","Bolivia","BOL","http://www.wikidata.org/entity/Q750","Bolivia","http://commons.wikimedia.org/wiki/Special:FilePath/Flag%20of%20Bolivia%20%28state%29.svg"
"240","http://www.wikidata.org/entity/Q760","Saint Lucia","LCA","http://www.wikidata.org/entity/Q760","Saint Lucia","http://commons.wikimedia.org/wiki/Special:FilePath/Flag%20of%20Saint%20Lucia.svg"
"241","http://www.wikidata.org/entity/Q781","Antigua and Barbuda","ATG","http://www.wikidata.org/entity/Q781","Antigua and Barbuda","http://commons.wikimedia.org/wiki/Special:FilePath/Flag%20of%20Antigua%20and%20Barbuda.svg"
"242","http://www.wikidata.org/entity/Q785","Jersey","JEY","http://www.wikidata.org/entity/Q785","Jersey","http://commons.wikimedia.org/wiki/Special:FilePath/Flag%20of%20Jersey.svg"
"243","http://www.wikidata.org/entity/Q792","El Salvador","SLV","http://www.wikidata.org/entity/Q792","El Salvador","http://commons.wikimedia.org/wiki/Special:FilePath/Flag%20of%20El%20Salvador.svg"
"244","http://www.wikidata.org/entity/Q810","Jordan","JOR","http://www.wikidata.org/entity/Q810","Jordan","http://commons.wikimedia.org/wiki/Special:FilePath/Flag%20of%20Jordan.svg"
"245","http://www.wikidata.org/entity/Q811","Nicaragua","NIC","http://www.wikidata.org/entity/Q811","Nicaragua","http://commons.wikimedia.org/wiki/Special:FilePath/Flag%20of%20Nicaragua.svg"
"246","http://www.wikidata.org/entity/Q817","Kuwait","KWT","http://www.wikidata.org/entity/Q817","Kuwait","http://commons.wikimedia.org/wiki/Special:FilePath/Flag%20of%20Kuwait.svg"
"247","http://www.wikidata.org/entity/Q833","Malaysia","MYS","http://www.wikidata.org/entity/Q833","Malaysia","http://commons.wikimedia.org/wiki/Special:FilePath/Flag%20of%20Malaysia.svg"
"248","http://www.wikidata.org/entity/Q836","Myanmar","MMR","http://www.wikidata.org/entity/Q836","Myanmar","http://commons.wikimedia.org/wiki/Special:FilePath/Flag%20of%20Myanmar.svg"
"249","http://www.wikidata.org/entity/Q837","Nepal","NPL","http://www.wikidata.org/entity/Q837","Nepal","http://commons.wikimedia.org/wiki/Special:FilePath/Flag%20of%20Nepal.svg"
"250","http://www.wikidata.org/entity/Q842","Oman","OMN","http://www.wikidata.org/entity/Q842","Oman","http://commons.wikimedia.org/wiki/Special:FilePath/Flag%20of%20Oman.svg"
"251","http://www.wikidata.org/entity/Q854","Sri Lanka","LKA","http://www.wikidata.org/entity/Q854","Sri Lanka","http://commons.wikimedia.org/wiki/Special:FilePath/Flag%20of%20Sri%20Lanka.svg"
"252","http://www.wikidata.org/entity/Q874","Turkmenistan","TKM","http://www.wikidata.org/entity/Q874","Turkmenistan","http://commons.wikimedia.org/wiki/Special:FilePath/Flag%20of%20Turkmenistan.svg"
"253","http://www.wikidata.org/entity/Q917","Bhutan","BTN","http://www.wikidata.org/entity/Q917","Bhutan","http://commons.wikimedia.org/wiki/Special:FilePath/Flag%20of%20Bhutan.svg"
"254","http://www.wikidata.org/entity/Q929","Central African Republic","CAF","http://www.wikidata.org/entity/Q929","Central African Republic","http://commons.wikimedia.org/wiki/Special:FilePath/Flag%20of%20the%20Central%20African%20Republic.svg"
"255","http://www.wikidata.org/entity/Q948","Tunisia","TUN","http://www.wikidata.org/entity/Q948","Tunisia","http://commons.wikimedia.org/wiki/Special:FilePath/Flag%20of%20Tunisia.svg"
"256","http://www.wikidata.org/entity/Q967","Burundi","BDI","http://www.wikidata.org/entity/Q967","Burundi","http://commons.wikimedia.org/wiki/Special:FilePath/Flag%20of%20Burundi.svg"
"257","http://www.wikidata.org/entity/Q1000","Gabon","GAB","http://www.wikidata.org/entity/Q1000","Gabon","http://commons.wikimedia.org/wiki/Special:FilePath/Flag%20of%20Gabon.svg"
"258","http://www.wikidata.org/entity/Q1005","The Gambia","GMB","http://www.wikidata.org/entity/Q1005","The Gambia","http://commons.wikimedia.org/wiki/Special:FilePath/Flag%20of%20The%20Gambia.svg"
"259","http://www.wikidata.org/entity/Q1006","Guinea","GIN","http://www.wikidata.org/entity/Q1006","Guinea","http://commons.wikimedia.org/wiki/Special:FilePath/Flag%20of%20Guinea.svg"
"260","http://www.wikidata.org/entity/Q1013","Lesotho","LSO","http://www.wikidata.org/entity/Q1013","Lesotho","http://commons.wikimedia.org/wiki/Special:FilePath/Flag%20of%20Lesotho.svg"
"261","http://www.wikidata.org/entity/Q1019","Madagascar","MDG","http://www.wikidata.org/entity/Q1019","Madagascar","http://commons.wikimedia.org/wiki/Special:FilePath/Flag%20of%20Madagascar.svg"
"262","http://www.wikidata.org/entity/Q1020","Malawi","MWI","http://www.wikidata.org/entity/Q1020","Malawi","http://commons.wikimedia.org/wiki/Special:FilePath/Flag%20of%20Malawi.svg"
"263","http://www.wikidata.org/entity/Q1025","Mauritania","MRT","http://www.wikidata.org/entity/Q1025","Mauritania","http://commons.wikimedia.org/wiki/Special:FilePath/Flag%20of%20Mauritania.svg"
"264","http://www.wikidata.org/entity/Q1033","Nigeria","NGA","http://www.wikidata.org/entity/Q1033","Nigeria","http://commons.wikimedia.org/wiki/Special:FilePath/Flag%20of%20Nigeria.svg"
"265","http://www.wikidata.org/entity/Q1036","Uganda","UGA","http://www.wikidata.org/entity/Q1036","Uganda","http://commons.wikimedia.org/wiki/Special:FilePath/Flag%20of%20Uganda.svg"
"266","http://www.wikidata.org/entity/Q1037","Rwanda","RWA","http://www.wikidata.org/entity/Q1037","Rwanda","http://commons.wikimedia.org/wiki/Special:FilePath/Flag%20of%20Rwanda.svg"
"267","http://www.wikidata.org/entity/Q1041","Senegal","SEN","http://www.wikidata.org/entity/Q1041","Senegal","http://commons.wikimedia.org/wiki/Special:FilePath/Flag%20of%20Senegal.svg"
"268","http://www.wikidata.org/entity/Q1045","Somalia","SOM","http://www.wikidata.org/entity/Q1045","Somalia","http://commons.wikimedia.org/wiki/Special:FilePath/Flag%20of%20Somalia.svg"
"269","http://www.wikidata.org/entity/Q1246","Kosovo","XKS","http://www.wikidata.org/entity/Q1246","Kosovo","http://commons.wikimedia.org/wiki/Special:FilePath/Flag%20of%20Kosovo.svg"
"270","http://www.wikidata.org/entity/Q1410","Gibraltar","GIB","http://www.wikidata.org/entity/Q145","United Kingdom","http://commons.wikimedia.org/wiki/Special:FilePath/Flag%20of%20Gibraltar.svg"
"271","http://www.wikidata.org/entity/Q4628","Faroe Islands","FRO","http://www.wikidata.org/entity/Q35","Denmark","http://commons.wikimedia.org/wiki/Special:FilePath/Flag%20of%20the%20Faroe%20Islands.svg"
"272","http://www.wikidata.org/entity/Q4628","Faroe Islands","FRO","http://www.wikidata.org/entity/Q756617","Danish Realm","http://commons.wikimedia.org/wiki/Special:FilePath/Flag%20of%20the%20Faroe%20Islands.svg"
"273","http://www.wikidata.org/entity/Q6250","Western Sahara","ESH","http://www.wikidata.org/entity/Q80702","Spanish Empire",NA
"274","http://www.wikidata.org/entity/Q6250","Western Sahara","ESH","http://www.wikidata.org/entity/Q689837","Spanish Sahara",NA
"275","http://www.wikidata.org/entity/Q6250","Western Sahara","ESH","http://www.wikidata.org/entity/Q900119","United Nations list of Non-Self-Governing Territories",NA
"276","http://www.wikidata.org/entity/Q6250","Western Sahara","ESH","http://www.wikidata.org/entity/Q1191986","Spanish West Africa",NA
"277","http://www.wikidata.org/entity/Q16641","American Samoa","ASM","http://www.wikidata.org/entity/Q30","United States of America","http://commons.wikimedia.org/wiki/Special:FilePath/Flag%20of%20American%20Samoa.svg"
"278","http://www.wikidata.org/entity/Q16957","East Germany","DDR","http://www.wikidata.org/entity/Q16957","East Germany","http://commons.wikimedia.org/wiki/Special:FilePath/Flag%20of%20East%20Germany.svg"
"279","http://www.wikidata.org/entity/Q17012","Guadeloupe","GLP","http://www.wikidata.org/entity/Q142","France","http://commons.wikimedia.org/wiki/Special:FilePath/Flag%20of%20Guadeloupe%20%28local%29%20variant.svg"
"280","http://www.wikidata.org/entity/Q17054","Martinique","MTQ","http://www.wikidata.org/entity/Q142","France","http://commons.wikimedia.org/wiki/Special:FilePath/Flag%20of%20the%20Territorial%20Collectivity%20of%20Martinique.svg"
"281","http://www.wikidata.org/entity/Q25305","British Virgin Islands","VGB","http://www.wikidata.org/entity/Q145","United Kingdom","http://commons.wikimedia.org/wiki/Special:FilePath/Flag%20of%20the%20British%20Virgin%20Islands.svg"
"282","http://www.wikidata.org/entity/Q25362","Saint Barthélemy","BLM","http://www.wikidata.org/entity/Q142","France","http://commons.wikimedia.org/wiki/Special:FilePath/Flag%20of%20Saint%20Barth%C3%A9lemy%20%28local%29.svg"
"283","http://www.wikidata.org/entity/Q26273","Sint Maarten","SXM","http://www.wikidata.org/entity/Q29999","Kingdom of the Netherlands","http://commons.wikimedia.org/wiki/Special:FilePath/Flag%20of%20Sint%20Maarten.svg"
"284","http://www.wikidata.org/entity/Q33788","New Caledonia","NCL","http://www.wikidata.org/entity/Q142","France","http://commons.wikimedia.org/wiki/Special:FilePath/Flag%20of%20France.svg"
"285","http://www.wikidata.org/entity/Q33788","New Caledonia","NCL","http://www.wikidata.org/entity/Q142","France","http://commons.wikimedia.org/wiki/Special:FilePath/Flag%20of%20FLNKS.svg"
"286","http://www.wikidata.org/entity/Q33946","Czechoslovakia","CSK","http://www.wikidata.org/entity/Q33946","Czechoslovakia","http://commons.wikimedia.org/wiki/Special:FilePath/Flag%20of%20the%20Czech%20Republic.svg"
"287","http://www.wikidata.org/entity/Q34617","Saint Pierre and Miquelon","SPM","http://www.wikidata.org/entity/Q142","France","http://commons.wikimedia.org/wiki/Special:FilePath/Flag%20of%20France.svg"
"288","http://www.wikidata.org/entity/Q35555","Wallis and Futuna","WLF","http://www.wikidata.org/entity/Q142","France","http://commons.wikimedia.org/wiki/Special:FilePath/Flag%20of%20Wallis%20and%20Futuna.svg"
"289","http://www.wikidata.org/entity/Q37024","Serbia and Montenegro","SCG","http://www.wikidata.org/entity/Q37024","Serbia and Montenegro","http://commons.wikimedia.org/wiki/Special:FilePath/Flag%20of%20Yugoslavia%20%281992%E2%80%932003%29%3B%20Flag%20of%20Serbia%20and%20Montenegro%20%282003%E2%80%932006%29.svg"
"290","http://www.wikidata.org/entity/Q40362","Sahrawi Arab Democratic Republic","ESH","http://www.wikidata.org/entity/Q40362","Sahrawi Arab Democratic Republic","http://commons.wikimedia.org/wiki/Special:FilePath/Flag%20of%20the%20Sahrawi%20Arab%20Democratic%20Republic.svg"
"291","http://www.wikidata.org/entity/Q47863","Midway Atoll","MID","http://www.wikidata.org/entity/Q30","United States of America","http://commons.wikimedia.org/wiki/Special:FilePath/Flag%20of%20the%20Midway%20Islands%20%28local%29.svg"
"292","http://www.wikidata.org/entity/Q131008","Johnston Atoll","JTN","http://www.wikidata.org/entity/Q30","United States of America","http://commons.wikimedia.org/wiki/Special:FilePath/Flag%20of%20the%20United%20States.svg"
"293","http://www.wikidata.org/entity/Q189999","Queen Maud Land","ATN",NA,NA,"http://commons.wikimedia.org/wiki/Special:FilePath/Flag%20of%20Norway%2C%20state.svg"
